{
  "id": "",
  "name": "",
  "font_family": "iconfont",
  "css_prefix_text": "icon-",
  "description": "",
  "glyphs": [
    {
      "icon_id": "400102",
      "name": "购物车",
      "font_class": "htmal5icon29",
      "unicode": "e641",
      "unicode_decimal": 58945
    },
    {
      "icon_id": "2116270",
      "name": "购物车",
      "font_class": "cart_icon",
      "unicode": "e658",
      "unicode_decimal": 58968
    },
    {
      "icon_id": "11178032",
      "name": "心",
      "font_class": "ziyuan",
      "unicode": "e64d",
      "unicode_decimal": 58957
    },
    {
      "icon_id": "13014641",
      "name": "人员",
      "font_class": "renyuan",
      "unicode": "e61a",
      "unicode_decimal": 58906
    }
  ]
}
